asset_id,ticker,name,country,exchange,sector,asset_class,currency
asset_id,ticker,name,country,exchange,sector,asset_class,currency
1,360ONE.NS,360ONE,IN,NSE,Financial Services,Equity,INR
2,3MINDIA.NS,3MINDIA,IN,NSE,Industrials,Equity,INR
3,AADHARHFC.NS,AADHARHFC,IN,NSE,Financial Services,Equity,INR
4,AARTIIND.NS,AARTIIND,IN,NSE,Chemicals,Equity,INR
5,AAVAS.NS,AAVAS,IN,NSE,Financial Services,Equity,INR
6,ABB.NS,ABB,IN,NSE,Industrials,Equity,INR
7,ABBOTINDIA.NS,ABBOTINDIA,IN,NSE,Healthcare,Equity,INR
8,ABCAPITAL.NS,ABCAPITAL,IN,NSE,Financial Services,Equity,INR
9,ABFRL.NS,ABFRL,IN,NSE,Consumer Discretionary,Equity,INR
10,ABLBL.NS,ABLBL,IN,NSE,Industrials,Equity,INR
11,ABREL.NS,ABREL,IN,NSE,Real Estate,Equity,INR
12,ABSLAMC.NS,ABSLAMC,IN,NSE,Financial Services,Equity,INR
13,ACC.NS,ACC,IN,NSE,Materials,Equity,INR
14,ACE.NS,ACE,IN,NSE,Industrials,Equity,INR
15,ACMESOLAR.NS,ACMESOLAR,IN,NSE,Utilities,Equity,INR
16,ADANIENSOL.NS,ADANIENSOL,IN,NSE,Utilities,Equity,INR
17,ADANIENT.NS,ADANIENT,IN,NSE,Industrials,Equity,INR
18,ADANIGREEN.NS,ADANIGREEN,IN,NSE,Utilities,Equity,INR
19,ADANIPORTS.NS,ADANIPORTS,IN,NSE,Industrials,Equity,INR
20,ADANIPOWER.NS,ADANIPOWER,IN,NSE,Utilities,Equity,INR
21,AEGISLOG.NS,AEGISLOG,IN,NSE,Industrials,Equity,INR
22,AEGISVOPAK.NS,AEGISVOPAK,IN,NSE,Industrials,Equity,INR
23,AFCONS.NS,AFCONS,IN,NSE,Industrials,Equity,INR
24,AFFLE.NS,AFFLE,IN,NSE,Communication Services,Equity,INR
25,AGARWALEYE.NS,AGARWALEYE,IN,NSE,Healthcare,Equity,INR
26,AIAENG.NS,AIAENG,IN,NSE,Industrials,Equity,INR
27,AIIL.NS,AIIL,IN,NSE,Industrials,Equity,INR
28,AJANTPHARM.NS,AJANTPHARM,IN,NSE,Healthcare,Equity,INR
29,AKUMS.NS,AKUMS,IN,NSE,Healthcare,Equity,INR
30,AKZOINDIA.NS,AKZOINDIA,IN,NSE,Materials,Equity,INR
31,ALKEM.NS,ALKEM,IN,NSE,Healthcare,Equity,INR
32,ALKYLAMINE.NS,ALKYLAMINE,IN,NSE,Chemicals,Equity,INR
33,ALOKINDS.NS,ALOKINDS,IN,NSE,Consumer Discretionary,Equity,INR
34,AMBER.NS,AMBER,IN,NSE,Industrials,Equity,INR
35,AMBUJACEM.NS,AMBUJACEM,IN,NSE,Materials,Equity,INR
36,ANANDRATHI.NS,ANANDRATHI,IN,NSE,Financial Services,Equity,INR
37,ANANTRAJ.NS,ANANTRAJ,IN,NSE,Real Estate,Equity,INR
38,ANGELONE.NS,ANGELONE,IN,NSE,Financial Services,Equity,INR
39,APARINDS.NS,APARINDS,IN,NSE,Industrials,Equity,INR
40,APLAPOLLO.NS,APLAPOLLO,IN,NSE,Materials,Equity,INR
41,APLLTD.NS,APLLTD,IN,NSE,Industrials,Equity,INR
42,APOLLOHOSP.NS,APOLLOHOSP,IN,NSE,Healthcare,Equity,INR
43,APOLLOTYRE.NS,APOLLOTYRE,IN,NSE,Consumer Discretionary,Equity,INR
44,APTUS.NS,APTUS,IN,NSE,Financial Services,Equity,INR
45,ARE&M.NS,ARE&M,IN,NSE,Industrials,Equity,INR
46,ASAHIINDIA.NS,ASAHIINDIA,IN,NSE,Consumer Discretionary,Equity,INR
47,ASHOKLEY.NS,ASHOKLEY,IN,NSE,Consumer Discretionary,Equity,INR
48,ASIANPAINT.NS,ASIANPAINT,IN,NSE,Materials,Equity,INR
49,ASTERDM.NS,ASTERDM,IN,NSE,Healthcare,Equity,INR
50,ASTRAL.NS,ASTRAL,IN,NSE,Industrials,Equity,INR
51,ASTRAZEN.NS,ASTRAZEN,IN,NSE,Healthcare,Equity,INR
52,ATGL.NS,ATGL,IN,NSE,Utilities,Equity,INR
53,ATHERENERG.NS,ATHERENERG,IN,NSE,Consumer Discretionary,Equity,INR
54,ATUL.NS,ATUL,IN,NSE,Chemicals,Equity,INR
55,AUBANK.NS,AUBANK,IN,NSE,Financial Services,Equity,INR
56,AUROPHARMA.NS,AUROPHARMA,IN,NSE,Healthcare,Equity,INR
57,AWL.NS,AWL,IN,NSE,Industrials,Equity,INR
58,AXISBANK.NS,AXISBANK,IN,NSE,Financial Services,Equity,INR
59,BAJAJ-AUTO.NS,BAJAJ-AUTO,IN,NSE,Consumer Discretionary,Equity,INR
60,BAJAJFINSV.NS,BAJAJFINSV,IN,NSE,Financial Services,Equity,INR
61,BAJAJHFL.NS,BAJAJHFL,IN,NSE,Financial Services,Equity,INR
62,BAJAJHLDNG.NS,BAJAJHLDNG,IN,NSE,Financial Services,Equity,INR
63,BAJFINANCE.NS,BAJFINANCE,IN,NSE,Financial Services,Equity,INR
64,BALKRISIND.NS,BALKRISIND,IN,NSE,Consumer Discretionary,Equity,INR
65,BALRAMCHIN.NS,BALRAMCHIN,IN,NSE,Chemicals,Equity,INR
66,BANDHANBNK.NS,BANDHANBNK,IN,NSE,Financial Services,Equity,INR
67,BANKBARODA.NS,BANKBARODA,IN,NSE,Financial Services,Equity,INR
68,BANKINDIA.NS,BANKINDIA,IN,NSE,Financial Services,Equity,INR
69,BASF.NS,BASF,IN,NSE,Chemicals,Equity,INR
70,BATAINDIA.NS,BATAINDIA,IN,NSE,Consumer Discretionary,Equity,INR
71,BAYERCROP.NS,BAYERCROP,IN,NSE,Materials,Equity,INR
72,BBTC.NS,BBTC,IN,NSE,Consumer Staples,Equity,INR
73,BDL.NS,BDL,IN,NSE,Industrials,Equity,INR
74,BEL.NS,BEL,IN,NSE,Industrials,Equity,INR
75,BEML.NS,BEML,IN,NSE,Industrials,Equity,INR
76,BERGEPAINT.NS,BERGEPAINT,IN,NSE,Materials,Equity,INR
77,BHARATFORG.NS,BHARATFORG,IN,NSE,Industrials,Equity,INR
78,BHARTIARTL.NS,BHARTIARTL,IN,NSE,Communication Services,Equity,INR
79,BHARTIHEXA.NS,BHARTIHEXA,IN,NSE,Communication Services,Equity,INR
80,BHEL.NS,BHEL,IN,NSE,Industrials,Equity,INR
81,BIKAJI.NS,BIKAJI,IN,NSE,Consumer Staples,Equity,INR
82,BIOCON.NS,BIOCON,IN,NSE,Healthcare,Equity,INR
83,BLS.NS,BLS,IN,NSE,Industrials,Equity,INR
84,BLUEDART.NS,BLUEDART,IN,NSE,Industrials,Equity,INR
85,BLUEJET.NS,BLUEJET,IN,NSE,Industrials,Equity,INR
86,BLUESTARCO.NS,BLUESTARCO,IN,NSE,Consumer Discretionary,Equity,INR
87,BOSCHLTD.NS,BOSCHLTD,IN,NSE,Consumer Discretionary,Equity,INR
88,BPCL.NS,BPCL,IN,NSE,Energy,Equity,INR
89,BRIGADE.NS,BRIGADE,IN,NSE,Real Estate,Equity,INR
90,BRITANNIA.NS,BRITANNIA,IN,NSE,Consumer Staples,Equity,INR
91,BSE.NS,BSE,IN,NSE,Financial Services,Equity,INR
92,BSOFT.NS,BSOFT,IN,NSE,Technology,Equity,INR
93,CAMPUS.NS,CAMPUS,IN,NSE,Consumer Discretionary,Equity,INR
94,CAMS.NS,CAMS,IN,NSE,Financial Services,Equity,INR
95,CANBK.NS,CANBK,IN,NSE,Financial Services,Equity,INR
96,CANFINHOME.NS,CANFINHOME,IN,NSE,Financial Services,Equity,INR
97,CAPLIPOINT.NS,CAPLIPOINT,IN,NSE,Consumer Discretionary,Equity,INR
98,CARBORUNIV.NS,CARBORUNIV,IN,NSE,Industrials,Equity,INR
99,CASTROLIND.NS,CASTROLIND,IN,NSE,Energy,Equity,INR
100,CCL.NS,CCL,IN,NSE,Industrials,Equity,INR
101,CDSL.NS,CDSL,IN,NSE,Financial Services,Equity,INR
102,CEATLTD.NS,CEATLTD,IN,NSE,Consumer Discretionary,Equity,INR
103,CENTRALBK.NS,CENTRALBK,IN,NSE,Financial Services,Equity,INR
104,CENTURYPLY.NS,CENTURYPLY,IN,NSE,Materials,Equity,INR
105,CERA.NS,CERA,IN,NSE,Consumer Discretionary,Equity,INR
106,CESC.NS,CESC,IN,NSE,Utilities,Equity,INR
107,CGCL.NS,CGCL,IN,NSE,Consumer Staples,Equity,INR
108,CGPOWER.NS,CGPOWER,IN,NSE,Industrials,Equity,INR
109,CHALET.NS,CHALET,IN,NSE,Consumer Discretionary,Equity,INR
110,CHAMBLFERT.NS,CHAMBLFERT,IN,NSE,Materials,Equity,INR
111,CHENNPETRO.NS,CHENNPETRO,IN,NSE,Energy,Equity,INR
112,CHOICEIN.NS,CHOICEIN,IN,NSE,Consumer Discretionary,Equity,INR
113,CHOLAFIN.NS,CHOLAFIN,IN,NSE,Financial Services,Equity,INR
114,CHOLAHLDNG.NS,CHOLAHLDNG,IN,NSE,Financial Services,Equity,INR
115,CIPLA.NS,CIPLA,IN,NSE,Healthcare,Equity,INR
116,CLEAN.NS,CLEAN,IN,NSE,Industrials,Equity,INR
117,COALINDIA.NS,COALINDIA,IN,NSE,Energy,Equity,INR
118,COCHINSHIP.NS,COCHINSHIP,IN,NSE,Industrials,Equity,INR
119,COFORGE.NS,COFORGE,IN,NSE,Technology,Equity,INR
120,COHANCE.NS,COHANCE,IN,NSE,Industrials,Equity,INR
121,COLPAL.NS,COLPAL,IN,NSE,Consumer Staples,Equity,INR
122,CONCOR.NS,CONCOR,IN,NSE,Industrials,Equity,INR
123,CONCORDBIO.NS,CONCORDBIO,IN,NSE,Healthcare,Equity,INR
124,COROMANDEL.NS,COROMANDEL,IN,NSE,Materials,Equity,INR
125,CRAFTSMAN.NS,CRAFTSMAN,IN,NSE,Industrials,Equity,INR
126,CREDITACC.NS,CREDITACC,IN,NSE,Financial Services,Equity,INR
127,CRISIL.NS,CRISIL,IN,NSE,Financial Services,Equity,INR
128,CROMPTON.NS,CROMPTON,IN,NSE,Consumer Discretionary,Equity,INR
129,CUB.NS,CUB,IN,NSE,Financial Services,Equity,INR
130,CUMMINSIND.NS,CUMMINSIND,IN,NSE,Industrials,Equity,INR
131,CYIENT.NS,CYIENT,IN,NSE,Technology,Equity,INR
132,DABUR.NS,DABUR,IN,NSE,Consumer Staples,Equity,INR
133,DALBHARAT.NS,DALBHARAT,IN,NSE,Materials,Equity,INR
134,DATAPATTNS.NS,DATAPATTNS,IN,NSE,Technology,Equity,INR
135,DBREALTY.NS,DBREALTY,IN,NSE,Real Estate,Equity,INR
136,DCMSHRIRAM.NS,DCMSHRIRAM,IN,NSE,Materials,Equity,INR
137,DEEPAKFERT.NS,DEEPAKFERT,IN,NSE,Materials,Equity,INR
138,DEEPAKNTR.NS,DEEPAKNTR,IN,NSE,Chemicals,Equity,INR
139,DELHIVERY.NS,DELHIVERY,IN,NSE,Industrials,Equity,INR
140,DEVYANI.NS,DEVYANI,IN,NSE,Consumer Discretionary,Equity,INR
141,DIVISLAB.NS,DIVISLAB,IN,NSE,Healthcare,Equity,INR
142,DIXON.NS,DIXON,IN,NSE,Consumer Discretionary,Equity,INR
143,DLF.NS,DLF,IN,NSE,Real Estate,Equity,INR
144,DMART.NS,DMART,IN,NSE,Consumer Staples,Equity,INR
145,DOMS.NS,DOMS,IN,NSE,Consumer Discretionary,Equity,INR
146,DRREDDY.NS,DRREDDY,IN,NSE,Healthcare,Equity,INR
147,ECLERX.NS,ECLERX,IN,NSE,Technology,Equity,INR
148,EICHERMOT.NS,EICHERMOT,IN,NSE,Consumer Discretionary,Equity,INR
149,EIDPARRY.NS,EIDPARRY,IN,NSE,Consumer Staples,Equity,INR
150,EIHOTEL.NS,EIHOTEL,IN,NSE,Consumer Discretionary,Equity,INR
151,ELECON.NS,ELECON,IN,NSE,Industrials,Equity,INR
152,ELGIEQUIP.NS,ELGIEQUIP,IN,NSE,Industrials,Equity,INR
153,EMAMILTD.NS,EMAMILTD,IN,NSE,Consumer Staples,Equity,INR
154,EMCURE.NS,EMCURE,IN,NSE,Healthcare,Equity,INR
155,ENDURANCE.NS,ENDURANCE,IN,NSE,Consumer Discretionary,Equity,INR
156,ENGINERSIN.NS,ENGINERSIN,IN,NSE,Industrials,Equity,INR
157,ENRIN.NS,ENRIN,IN,NSE,Industrials,Equity,INR
158,ERIS.NS,ERIS,IN,NSE,Healthcare,Equity,INR
159,ESCORTS.NS,ESCORTS,IN,NSE,Industrials,Equity,INR
160,ETERNAL.NS,ETERNAL,IN,NSE,Materials,Equity,INR
161,EXIDEIND.NS,EXIDEIND,IN,NSE,Consumer Discretionary,Equity,INR
162,FACT.NS,FACT,IN,NSE,Materials,Equity,INR
163,FEDERALBNK.NS,FEDERALBNK,IN,NSE,Financial Services,Equity,INR
164,FINCABLES.NS,FINCABLES,IN,NSE,Industrials,Equity,INR
165,FINPIPE.NS,FINPIPE,IN,NSE,Industrials,Equity,INR
166,FIRSTCRY.NS,FIRSTCRY,IN,NSE,Consumer Discretionary,Equity,INR
167,FIVESTAR.NS,FIVESTAR,IN,NSE,Consumer Discretionary,Equity,INR
168,FLUOROCHEM.NS,FLUOROCHEM,IN,NSE,Chemicals,Equity,INR
169,FORCEMOT.NS,FORCEMOT,IN,NSE,Consumer Discretionary,Equity,INR
170,FORTIS.NS,FORTIS,IN,NSE,Healthcare,Equity,INR
171,FSL.NS,FSL,IN,NSE,Industrials,Equity,INR
172,GAIL.NS,GAIL,IN,NSE,Energy,Equity,INR
173,GESHIP.NS,GESHIP,IN,NSE,Industrials,Equity,INR
174,GICRE.NS,GICRE,IN,NSE,Financial Services,Equity,INR
175,GILLETTE.NS,GILLETTE,IN,NSE,Consumer Staples,Equity,INR
176,GLAND.NS,GLAND,IN,NSE,Healthcare,Equity,INR
177,GLAXO.NS,GLAXO,IN,NSE,Healthcare,Equity,INR
178,GLENMARK.NS,GLENMARK,IN,NSE,Healthcare,Equity,INR
179,GMDCLTD.NS,GMDCLTD,IN,NSE,Energy,Equity,INR
180,GMRAIRPORT.NS,GMRAIRPORT,IN,NSE,Industrials,Equity,INR
181,GODFRYPHLP.NS,GODFRYPHLP,IN,NSE,Consumer Staples,Equity,INR
182,GODIGIT.NS,GODIGIT,IN,NSE,Financial Services,Equity,INR
183,GODREJAGRO.NS,GODREJAGRO,IN,NSE,Materials,Equity,INR
184,GODREJCP.NS,GODREJCP,IN,NSE,Consumer Staples,Equity,INR
185,GODREJIND.NS,GODREJIND,IN,NSE,Industrials,Equity,INR
186,GODREJPROP.NS,GODREJPROP,IN,NSE,Real Estate,Equity,INR
187,GPIL.NS,GPIL,IN,NSE,Industrials,Equity,INR
188,GRANULES.NS,GRANULES,IN,NSE,Healthcare,Equity,INR
189,GRAPHITE.NS,GRAPHITE,IN,NSE,Industrials,Equity,INR
190,GRASIM.NS,GRASIM,IN,NSE,Materials,Equity,INR
191,GRAVITA.NS,GRAVITA,IN,NSE,Materials,Equity,INR
192,GRSE.NS,GRSE,IN,NSE,Industrials,Equity,INR
193,GSPL.NS,GSPL,IN,NSE,Utilities,Equity,INR
194,GUJGASLTD.NS,GUJGASLTD,IN,NSE,Utilities,Equity,INR
195,GVT&D.NS,GVT&D,IN,NSE,Industrials,Equity,INR
196,HAL.NS,HAL,IN,NSE,Industrials,Equity,INR
197,HAPPSTMNDS.NS,HAPPSTMNDS,IN,NSE,Technology,Equity,INR
198,HAVELLS.NS,HAVELLS,IN,NSE,Consumer Discretionary,Equity,INR
199,HBLENGINE.NS,HBLENGINE,IN,NSE,Industrials,Equity,INR
200,HCLTECH.NS,HCLTECH,IN,NSE,Technology,Equity,INR
201,HDFCAMC.NS,HDFCAMC,IN,NSE,Financial Services,Equity,INR
202,HDFCBANK.NS,HDFCBANK,IN,NSE,Financial Services,Equity,INR
203,HDFCLIFE.NS,HDFCLIFE,IN,NSE,Financial Services,Equity,INR
204,HEG.NS,HEG,IN,NSE,Industrials,Equity,INR
205,HEROMOTOCO.NS,HEROMOTOCO,IN,NSE,Consumer Discretionary,Equity,INR
206,HEXT.NS,HEXT,IN,NSE,Industrials,Equity,INR
207,HFCL.NS,HFCL,IN,NSE,Communication Services,Equity,INR
208,HINDALCO.NS,HINDALCO,IN,NSE,Materials,Equity,INR
209,HINDCOPPER.NS,HINDCOPPER,IN,NSE,Materials,Equity,INR
210,HINDPETRO.NS,HINDPETRO,IN,NSE,Energy,Equity,INR
211,HINDUNILVR.NS,HINDUNILVR,IN,NSE,Consumer Staples,Equity,INR
212,HINDZINC.NS,HINDZINC,IN,NSE,Materials,Equity,INR
213,HOMEFIRST.NS,HOMEFIRST,IN,NSE,Financial Services,Equity,INR
214,HONASA.NS,HONASA,IN,NSE,Consumer Staples,Equity,INR
215,HONAUT.NS,HONAUT,IN,NSE,Industrials,Equity,INR
216,HSCL.NS,HSCL,IN,NSE,Industrials,Equity,INR
217,HUDCO.NS,HUDCO,IN,NSE,Financial Services,Equity,INR
218,HYUNDAI.NS,HYUNDAI,IN,NSE,Consumer Discretionary,Equity,INR
219,ICICIBANK.NS,ICICIBANK,IN,NSE,Financial Services,Equity,INR
220,ICICIGI.NS,ICICIGI,IN,NSE,Financial Services,Equity,INR
221,ICICIPRULI.NS,ICICIPRULI,IN,NSE,Financial Services,Equity,INR
222,IDBI.NS,IDBI,IN,NSE,Financial Services,Equity,INR
223,IDEA.NS,IDEA,IN,NSE,Communication Services,Equity,INR
224,IDFCFIRSTB.NS,IDFCFIRSTB,IN,NSE,Financial Services,Equity,INR
225,IEX.NS,IEX,IN,NSE,Utilities,Equity,INR
226,IFCI.NS,IFCI,IN,NSE,Financial Services,Equity,INR
227,IGIL.NS,IGIL,IN,NSE,Industrials,Equity,INR
228,IGL.NS,IGL,IN,NSE,Utilities,Equity,INR
229,IIFL.NS,IIFL,IN,NSE,Financial Services,Equity,INR
230,IKS.NS,IKS,IN,NSE,Healthcare,Equity,INR
231,INDGN.NS,INDGN,IN,NSE,Utilities,Equity,INR
232,INDHOTEL.NS,INDHOTEL,IN,NSE,Consumer Discretionary,Equity,INR
233,INDIACEM.NS,INDIACEM,IN,NSE,Materials,Equity,INR
234,INDIAMART.NS,INDIAMART,IN,NSE,Technology,Equity,INR
235,INDIANB.NS,INDIANB,IN,NSE,Financial Services,Equity,INR
236,INDIGO.NS,INDIGO,IN,NSE,Industrials,Equity,INR
237,INDUSINDBK.NS,INDUSINDBK,IN,NSE,Financial Services,Equity,INR
238,INDUSTOWER.NS,INDUSTOWER,IN,NSE,Communication Services,Equity,INR
239,INFY.NS,INFY,IN,NSE,Technology,Equity,INR
240,INOXINDIA.NS,INOXINDIA,IN,NSE,Industrials,Equity,INR
241,INOXWIND.NS,INOXWIND,IN,NSE,Utilities,Equity,INR
242,INTELLECT.NS,INTELLECT,IN,NSE,Technology,Equity,INR
243,IOB.NS,IOB,IN,NSE,Financial Services,Equity,INR
244,IOC.NS,IOC,IN,NSE,Energy,Equity,INR
245,IPCALAB.NS,IPCALAB,IN,NSE,Healthcare,Equity,INR
246,IRB.NS,IRB,IN,NSE,Industrials,Equity,INR
247,IRCON.NS,IRCON,IN,NSE,Industrials,Equity,INR
248,IRCTC.NS,IRCTC,IN,NSE,Consumer Discretionary,Equity,INR
249,IREDA.NS,IREDA,IN,NSE,Financial Services,Equity,INR
250,IRFC.NS,IRFC,IN,NSE,Financial Services,Equity,INR
251,ITC.NS,ITC,IN,NSE,Consumer Staples,Equity,INR
252,ITCHOTELS.NS,ITCHOTELS,IN,NSE,Consumer Discretionary,Equity,INR
253,ITI.NS,ITI,IN,NSE,Communication Services,Equity,INR
254,J&KBANK.NS,J&KBANK,IN,NSE,Financial Services,Equity,INR
255,JBCHEPHARM.NS,JBCHEPHARM,IN,NSE,Healthcare,Equity,INR
256,JBMA.NS,JBMA,IN,NSE,Consumer Discretionary,Equity,INR
257,JINDALSAW.NS,JINDALSAW,IN,NSE,Materials,Equity,INR
258,JINDALSTEL.NS,JINDALSTEL,IN,NSE,Materials,Equity,INR
259,JIOFIN.NS,JIOFIN,IN,NSE,Financial Services,Equity,INR
260,JKCEMENT.NS,JKCEMENT,IN,NSE,Materials,Equity,INR
261,JKTYRE.NS,JKTYRE,IN,NSE,Consumer Discretionary,Equity,INR
262,JMFINANCIL.NS,JMFINANCIL,IN,NSE,Financial Services,Equity,INR
263,JPPOWER.NS,JPPOWER,IN,NSE,Utilities,Equity,INR
264,JSL.NS,JSL,IN,NSE,Materials,Equity,INR
265,JSWCEMENT.NS,JSWCEMENT,IN,NSE,Materials,Equity,INR
266,JSWENERGY.NS,JSWENERGY,IN,NSE,Utilities,Equity,INR
267,JSWINFRA.NS,JSWINFRA,IN,NSE,Industrials,Equity,INR
268,JSWSTEEL.NS,JSWSTEEL,IN,NSE,Materials,Equity,INR
269,JUBLFOOD.NS,JUBLFOOD,IN,NSE,Consumer Discretionary,Equity,INR
270,JUBLINGREA.NS,JUBLINGREA,IN,NSE,Real Estate,Equity,INR
271,JUBLPHARMA.NS,JUBLPHARMA,IN,NSE,Healthcare,Equity,INR
272,JWL.NS,JWL,IN,NSE,Consumer Discretionary,Equity,INR
273,JYOTHYLAB.NS,JYOTHYLAB,IN,NSE,Consumer Staples,Equity,INR
274,JYOTICNC.NS,JYOTICNC,IN,NSE,Industrials,Equity,INR
275,KAJARIACER.NS,KAJARIACER,IN,NSE,Consumer Discretionary,Equity,INR
276,KALYANKJIL.NS,KALYANKJIL,IN,NSE,Consumer Discretionary,Equity,INR
277,KARURVYSYA.NS,KARURVYSYA,IN,NSE,Financial Services,Equity,INR
278,KAYNES.NS,KAYNES,IN,NSE,Industrials,Equity,INR
279,KEC.NS,KEC,IN,NSE,Industrials,Equity,INR
280,KEI.NS,KEI,IN,NSE,Industrials,Equity,INR
281,KFINTECH.NS,KFINTECH,IN,NSE,Technology,Equity,INR
282,KIMS.NS,KIMS,IN,NSE,Healthcare,Equity,INR
283,KIRLOSBROS.NS,KIRLOSBROS,IN,NSE,Industrials,Equity,INR
284,KIRLOSENG.NS,KIRLOSENG,IN,NSE,Industrials,Equity,INR
285,KOTAKBANK.NS,KOTAKBANK,IN,NSE,Financial Services,Equity,INR
286,KPIL.NS,KPIL,IN,NSE,Materials,Equity,INR
287,KPITTECH.NS,KPITTECH,IN,NSE,Technology,Equity,INR
288,KPRMILL.NS,KPRMILL,IN,NSE,Unknown,Equity,INR
289,KSB.NS,KSB,IN,NSE,Unknown,Equity,INR
290,LALPATHLAB.NS,LALPATHLAB,IN,NSE,Unknown,Equity,INR
291,LATENTVIEW.NS,LATENTVIEW,IN,NSE,Unknown,Equity,INR
292,LAURUSLABS.NS,LAURUSLABS,IN,NSE,Unknown,Equity,INR
293,LEMONTREE.NS,LEMONTREE,IN,NSE,Unknown,Equity,INR
294,LICHSGFIN.NS,LICHSGFIN,IN,NSE,Unknown,Equity,INR
295,LICI.NS,LICI,IN,NSE,Unknown,Equity,INR
296,LINDEINDIA.NS,LINDEINDIA,IN,NSE,Unknown,Equity,INR
297,LLOYDSME.NS,LLOYDSME,IN,NSE,Unknown,Equity,INR
298,LODHA.NS,LODHA,IN,NSE,Unknown,Equity,INR
299,LT.NS,LT,IN,NSE,Unknown,Equity,INR
300,LTF.NS,LTF,IN,NSE,Unknown,Equity,INR
301,LTFOODS.NS,LTFOODS,IN,NSE,Unknown,Equity,INR
302,LTIM.NS,LTIM,IN,NSE,Unknown,Equity,INR
303,LTTS.NS,LTTS,IN,NSE,Unknown,Equity,INR
304,LUPIN.NS,LUPIN,IN,NSE,Unknown,Equity,INR
305,M&M.NS,M&M,IN,NSE,Unknown,Equity,INR
306,M&MFIN.NS,M&MFIN,IN,NSE,Unknown,Equity,INR
307,MAHABANK.NS,MAHABANK,IN,NSE,Unknown,Equity,INR
308,MAHSCOOTER.NS,MAHSCOOTER,IN,NSE,Unknown,Equity,INR
309,MAHSEAMLES.NS,MAHSEAMLES,IN,NSE,Unknown,Equity,INR
310,MANAPPURAM.NS,MANAPPURAM,IN,NSE,Unknown,Equity,INR
311,MANKIND.NS,MANKIND,IN,NSE,Unknown,Equity,INR
312,MANYAVAR.NS,MANYAVAR,IN,NSE,Unknown,Equity,INR
313,MAPMYINDIA.NS,MAPMYINDIA,IN,NSE,Unknown,Equity,INR
314,MARICO.NS,MARICO,IN,NSE,Unknown,Equity,INR
315,MARUTI.NS,MARUTI,IN,NSE,Unknown,Equity,INR
316,MAXHEALTH.NS,MAXHEALTH,IN,NSE,Unknown,Equity,INR
317,MAZDOCK.NS,MAZDOCK,IN,NSE,Unknown,Equity,INR
318,MCX.NS,MCX,IN,NSE,Unknown,Equity,INR
319,MEDANTA.NS,MEDANTA,IN,NSE,Unknown,Equity,INR
320,METROPOLIS.NS,METROPOLIS,IN,NSE,Unknown,Equity,INR
321,MFSL.NS,MFSL,IN,NSE,Unknown,Equity,INR
322,MGL.NS,MGL,IN,NSE,Unknown,Equity,INR
323,MINDACORP.NS,MINDACORP,IN,NSE,Unknown,Equity,INR
324,MMTC.NS,MMTC,IN,NSE,Unknown,Equity,INR
325,MOTHERSON.NS,MOTHERSON,IN,NSE,Unknown,Equity,INR
326,MOTILALOFS.NS,MOTILALOFS,IN,NSE,Unknown,Equity,INR
327,MPHASIS.NS,MPHASIS,IN,NSE,Unknown,Equity,INR
328,MRF.NS,MRF,IN,NSE,Unknown,Equity,INR
329,MRPL.NS,MRPL,IN,NSE,Unknown,Equity,INR
330,MSUMI.NS,MSUMI,IN,NSE,Unknown,Equity,INR
331,MUTHOOTFIN.NS,MUTHOOTFIN,IN,NSE,Unknown,Equity,INR
332,NAM-INDIA.NS,NAM-INDIA,IN,NSE,Unknown,Equity,INR
333,NATCOPHARM.NS,NATCOPHARM,IN,NSE,Unknown,Equity,INR
334,NATIONALUM.NS,NATIONALUM,IN,NSE,Unknown,Equity,INR
335,NAUKRI.NS,NAUKRI,IN,NSE,Unknown,Equity,INR
336,NAVA.NS,NAVA,IN,NSE,Unknown,Equity,INR
337,NAVINFLUOR.NS,NAVINFLUOR,IN,NSE,Unknown,Equity,INR
338,NBCC.NS,NBCC,IN,NSE,Unknown,Equity,INR
339,NCC.NS,NCC,IN,NSE,Unknown,Equity,INR
340,NESTLEIND.NS,NESTLEIND,IN,NSE,Unknown,Equity,INR
341,NETWEB.NS,NETWEB,IN,NSE,Unknown,Equity,INR
342,NEULANDLAB.NS,NEULANDLAB,IN,NSE,Unknown,Equity,INR
343,NEWGEN.NS,NEWGEN,IN,NSE,Unknown,Equity,INR
344,NH.NS,NH,IN,NSE,Unknown,Equity,INR
345,NHPC.NS,NHPC,IN,NSE,Unknown,Equity,INR
346,NIACL.NS,NIACL,IN,NSE,Unknown,Equity,INR
347,NIVABUPA.NS,NIVABUPA,IN,NSE,Unknown,Equity,INR
348,NLCINDIA.NS,NLCINDIA,IN,NSE,Unknown,Equity,INR
349,NMDC.NS,NMDC,IN,NSE,Unknown,Equity,INR
350,NSLNISP.NS,NSLNISP,IN,NSE,Unknown,Equity,INR
351,NTPC.NS,NTPC,IN,NSE,Unknown,Equity,INR
352,NTPCGREEN.NS,NTPCGREEN,IN,NSE,Unknown,Equity,INR
353,NUVAMA.NS,NUVAMA,IN,NSE,Unknown,Equity,INR
354,NUVOCO.NS,NUVOCO,IN,NSE,Unknown,Equity,INR
355,NYKAA.NS,NYKAA,IN,NSE,Unknown,Equity,INR
356,OBEROIRLTY.NS,OBEROIRLTY,IN,NSE,Unknown,Equity,INR
357,OFSS.NS,OFSS,IN,NSE,Unknown,Equity,INR
358,OIL.NS,OIL,IN,NSE,Unknown,Equity,INR
359,OLAELEC.NS,OLAELEC,IN,NSE,Unknown,Equity,INR
360,OLECTRA.NS,OLECTRA,IN,NSE,Unknown,Equity,INR
361,ONESOURCE.NS,ONESOURCE,IN,NSE,Unknown,Equity,INR
362,ONGC.NS,ONGC,IN,NSE,Unknown,Equity,INR
363,PAGEIND.NS,PAGEIND,IN,NSE,Unknown,Equity,INR
364,PATANJALI.NS,PATANJALI,IN,NSE,Unknown,Equity,INR
365,PAYTM.NS,PAYTM,IN,NSE,Unknown,Equity,INR
366,PCBL.NS,PCBL,IN,NSE,Unknown,Equity,INR
367,PERSISTENT.NS,PERSISTENT,IN,NSE,Unknown,Equity,INR
368,PETRONET.NS,PETRONET,IN,NSE,Unknown,Equity,INR
369,PFC.NS,PFC,IN,NSE,Unknown,Equity,INR
370,PFIZER.NS,PFIZER,IN,NSE,Unknown,Equity,INR
371,PGEL.NS,PGEL,IN,NSE,Unknown,Equity,INR
372,PGHH.NS,PGHH,IN,NSE,Unknown,Equity,INR
373,PHOENIXLTD.NS,PHOENIXLTD,IN,NSE,Unknown,Equity,INR
374,PIDILITIND.NS,PIDILITIND,IN,NSE,Unknown,Equity,INR
375,PIIND.NS,PIIND,IN,NSE,Unknown,Equity,INR
376,PNB.NS,PNB,IN,NSE,Unknown,Equity,INR
377,PNBHOUSING.NS,PNBHOUSING,IN,NSE,Unknown,Equity,INR
378,POLICYBZR.NS,POLICYBZR,IN,NSE,Unknown,Equity,INR
379,POLYCAB.NS,POLYCAB,IN,NSE,Unknown,Equity,INR
380,POLYMED.NS,POLYMED,IN,NSE,Unknown,Equity,INR
381,POONAWALLA.NS,POONAWALLA,IN,NSE,Unknown,Equity,INR
382,POWERGRID.NS,POWERGRID,IN,NSE,Unknown,Equity,INR
383,POWERINDIA.NS,POWERINDIA,IN,NSE,Unknown,Equity,INR
384,PPLPHARMA.NS,PPLPHARMA,IN,NSE,Unknown,Equity,INR
385,PRAJIND.NS,PRAJIND,IN,NSE,Unknown,Equity,INR
386,PREMIERENE.NS,PREMIERENE,IN,NSE,Unknown,Equity,INR
387,PRESTIGE.NS,PRESTIGE,IN,NSE,Unknown,Equity,INR
388,PTCIL.NS,PTCIL,IN,NSE,Unknown,Equity,INR
389,PVRINOX.NS,PVRINOX,IN,NSE,Unknown,Equity,INR
390,RADICO.NS,RADICO,IN,NSE,Unknown,Equity,INR
391,RAILTEL.NS,RAILTEL,IN,NSE,Unknown,Equity,INR
392,RAINBOW.NS,RAINBOW,IN,NSE,Unknown,Equity,INR
393,RAMCOCEM.NS,RAMCOCEM,IN,NSE,Unknown,Equity,INR
394,RBLBANK.NS,RBLBANK,IN,NSE,Unknown,Equity,INR
395,RCF.NS,RCF,IN,NSE,Unknown,Equity,INR
396,RECLTD.NS,RECLTD,IN,NSE,Unknown,Equity,INR
397,REDINGTON.NS,REDINGTON,IN,NSE,Unknown,Equity,INR
398,RELIANCE.NS,RELIANCE,IN,NSE,Unknown,Equity,INR
399,RELINFRA.NS,RELINFRA,IN,NSE,Unknown,Equity,INR
400,RHIM.NS,RHIM,IN,NSE,Unknown,Equity,INR
401,RITES.NS,RITES,IN,NSE,Unknown,Equity,INR
402,RKFORGE.NS,RKFORGE,IN,NSE,Unknown,Equity,INR
403,RPOWER.NS,RPOWER,IN,NSE,Unknown,Equity,INR
404,RRKABEL.NS,RRKABEL,IN,NSE,Unknown,Equity,INR
405,RVNL.NS,RVNL,IN,NSE,Unknown,Equity,INR
406,SAGILITY.NS,SAGILITY,IN,NSE,Unknown,Equity,INR
407,SAIL.NS,SAIL,IN,NSE,Unknown,Equity,INR
408,SAILIFE.NS,SAILIFE,IN,NSE,Unknown,Equity,INR
409,SAMMAANCAP.NS,SAMMAANCAP,IN,NSE,Unknown,Equity,INR
410,SAPPHIRE.NS,SAPPHIRE,IN,NSE,Unknown,Equity,INR
411,SARDAEN.NS,SARDAEN,IN,NSE,Unknown,Equity,INR
412,SAREGAMA.NS,SAREGAMA,IN,NSE,Unknown,Equity,INR
413,SBFC.NS,SBFC,IN,NSE,Unknown,Equity,INR
414,SBICARD.NS,SBICARD,IN,NSE,Unknown,Equity,INR
415,SBILIFE.NS,SBILIFE,IN,NSE,Unknown,Equity,INR
416,SBIN.NS,SBIN,IN,NSE,Unknown,Equity,INR
417,SCHAEFFLER.NS,SCHAEFFLER,IN,NSE,Unknown,Equity,INR
418,SCHNEIDER.NS,SCHNEIDER,IN,NSE,Unknown,Equity,INR
419,SCI.NS,SCI,IN,NSE,Unknown,Equity,INR
420,SHREECEM.NS,SHREECEM,IN,NSE,Unknown,Equity,INR
421,SHRIRAMFIN.NS,SHRIRAMFIN,IN,NSE,Unknown,Equity,INR
422,SHYAMMETL.NS,SHYAMMETL,IN,NSE,Unknown,Equity,INR
423,SIEMENS.NS,SIEMENS,IN,NSE,Unknown,Equity,INR
424,SIGNATURE.NS,SIGNATURE,IN,NSE,Unknown,Equity,INR
425,SJVN.NS,SJVN,IN,NSE,Unknown,Equity,INR
426,SOBHA.NS,SOBHA,IN,NSE,Unknown,Equity,INR
427,SOLARINDS.NS,SOLARINDS,IN,NSE,Unknown,Equity,INR
428,SONACOMS.NS,SONACOMS,IN,NSE,Unknown,Equity,INR
429,SONATSOFTW.NS,SONATSOFTW,IN,NSE,Unknown,Equity,INR
430,SRF.NS,SRF,IN,NSE,Unknown,Equity,INR
431,STARHEALTH.NS,STARHEALTH,IN,NSE,Unknown,Equity,INR
432,SUMICHEM.NS,SUMICHEM,IN,NSE,Unknown,Equity,INR
433,SUNDARMFIN.NS,SUNDARMFIN,IN,NSE,Unknown,Equity,INR
434,SUNDRMFAST.NS,SUNDRMFAST,IN,NSE,Unknown,Equity,INR
435,SUNPHARMA.NS,SUNPHARMA,IN,NSE,Unknown,Equity,INR
436,SUNTV.NS,SUNTV,IN,NSE,Unknown,Equity,INR
437,SUPREMEIND.NS,SUPREMEIND,IN,NSE,Unknown,Equity,INR
438,SUZLON.NS,SUZLON,IN,NSE,Unknown,Equity,INR
439,SWANCORP.NS,SWANCORP,IN,NSE,Unknown,Equity,INR
440,SWIGGY.NS,SWIGGY,IN,NSE,Unknown,Equity,INR
441,SYNGENE.NS,SYNGENE,IN,NSE,Unknown,Equity,INR
442,SYRMA.NS,SYRMA,IN,NSE,Unknown,Equity,INR
443,TARIL.NS,TARIL,IN,NSE,Unknown,Equity,INR
444,TATACHEM.NS,TATACHEM,IN,NSE,Unknown,Equity,INR
445,TATACOMM.NS,TATACOMM,IN,NSE,Unknown,Equity,INR
446,TATACONSUM.NS,TATACONSUM,IN,NSE,Unknown,Equity,INR
447,TATAELXSI.NS,TATAELXSI,IN,NSE,Unknown,Equity,INR
448,TATAINVEST.NS,TATAINVEST,IN,NSE,Unknown,Equity,INR
449,TATAPOWER.NS,TATAPOWER,IN,NSE,Unknown,Equity,INR
450,TATASTEEL.NS,TATASTEEL,IN,NSE,Unknown,Equity,INR
451,TATATECH.NS,TATATECH,IN,NSE,Unknown,Equity,INR
452,TBOTEK.NS,TBOTEK,IN,NSE,Unknown,Equity,INR
453,TCS.NS,TCS,IN,NSE,Unknown,Equity,INR
454,TECHM.NS,TECHM,IN,NSE,Unknown,Equity,INR
455,TECHNOE.NS,TECHNOE,IN,NSE,Unknown,Equity,INR
456,TEJASNET.NS,TEJASNET,IN,NSE,Unknown,Equity,INR
457,THELEELA.NS,THELEELA,IN,NSE,Unknown,Equity,INR
458,THERMAX.NS,THERMAX,IN,NSE,Unknown,Equity,INR
459,TIINDIA.NS,TIINDIA,IN,NSE,Unknown,Equity,INR
460,TIMKEN.NS,TIMKEN,IN,NSE,Unknown,Equity,INR
461,TITAGARH.NS,TITAGARH,IN,NSE,Unknown,Equity,INR
462,TITAN.NS,TITAN,IN,NSE,Unknown,Equity,INR
463,TMPV.NS,TMPV,IN,NSE,Unknown,Equity,INR
464,TORNTPHARM.NS,TORNTPHARM,IN,NSE,Unknown,Equity,INR
465,TORNTPOWER.NS,TORNTPOWER,IN,NSE,Unknown,Equity,INR
466,TRENT.NS,TRENT,IN,NSE,Unknown,Equity,INR
467,TRIDENT.NS,TRIDENT,IN,NSE,Unknown,Equity,INR
468,TRITURBINE.NS,TRITURBINE,IN,NSE,Unknown,Equity,INR
469,TRIVENI.NS,TRIVENI,IN,NSE,Unknown,Equity,INR
470,TTML.NS,TTML,IN,NSE,Unknown,Equity,INR
471,TVSMOTOR.NS,TVSMOTOR,IN,NSE,Unknown,Equity,INR
472,UBL.NS,UBL,IN,NSE,Unknown,Equity,INR
473,UCOBANK.NS,UCOBANK,IN,NSE,Unknown,Equity,INR
474,ULTRACEMCO.NS,ULTRACEMCO,IN,NSE,Unknown,Equity,INR
475,UNIONBANK.NS,UNIONBANK,IN,NSE,Unknown,Equity,INR
476,UNITDSPR.NS,UNITDSPR,IN,NSE,Unknown,Equity,INR
477,UNOMINDA.NS,UNOMINDA,IN,NSE,Unknown,Equity,INR
478,UPL.NS,UPL,IN,NSE,Unknown,Equity,INR
479,USHAMART.NS,USHAMART,IN,NSE,Unknown,Equity,INR
480,UTIAMC.NS,UTIAMC,IN,NSE,Unknown,Equity,INR
481,VBL.NS,VBL,IN,NSE,Unknown,Equity,INR
482,VEDL.NS,VEDL,IN,NSE,Unknown,Equity,INR
483,VENTIVE.NS,VENTIVE,IN,NSE,Unknown,Equity,INR
484,VGUARD.NS,VGUARD,IN,NSE,Unknown,Equity,INR
485,VIJAYA.NS,VIJAYA,IN,NSE,Unknown,Equity,INR
486,VMM.NS,VMM,IN,NSE,Unknown,Equity,INR
487,VOLTAS.NS,VOLTAS,IN,NSE,Unknown,Equity,INR
488,VTL.NS,VTL,IN,NSE,Unknown,Equity,INR
489,WAAREEENER.NS,WAAREEENER,IN,NSE,Unknown,Equity,INR
490,WELCORP.NS,WELCORP,IN,NSE,Unknown,Equity,INR
491,WELSPUNLIV.NS,WELSPUNLIV,IN,NSE,Unknown,Equity,INR
492,WHIRLPOOL.NS,WHIRLPOOL,IN,NSE,Unknown,Equity,INR
493,WIPRO.NS,WIPRO,IN,NSE,Unknown,Equity,INR
494,WOCKPHARMA.NS,WOCKPHARMA,IN,NSE,Unknown,Equity,INR
495,YESBANK.NS,YESBANK,IN,NSE,Unknown,Equity,INR
496,ZEEL.NS,ZEEL,IN,NSE,Unknown,Equity,INR
497,ZENSARTECH.NS,ZENSARTECH,IN,NSE,Unknown,Equity,INR
498,ZENTEC.NS,ZENTEC,IN,NSE,Unknown,Equity,INR
499,ZFCVINDIA.NS,ZFCVINDIA,IN,NSE,Unknown,Equity,INR
500,ZYDUSLIFE.NS,ZYDUSLIFE,IN,NSE,Unknown,Equity,INR
